Value, Type
addtodropbox.com, TrustedDomain
app.hellosign.com, TrustedDomain
dash.ai, TrustedDomain
db.tt, TrustedDomain
docsend.com, TrustedDomain
dropbox.com, TrustedDomain
dropboxapi.com, TrustedDomain
dropboxbusiness.com, TrustedDomain
dropboxcaptcha.com, TrustedDomain
dropboxexperiment.com, TrustedDomain
dropboxforums.com, TrustedDomain
dropboxforum.com, TrustedDomain
dropboxinsiders.com, TrustedDomain
dropboxlegal.com, TrustedDomain
dropboxmail.com, TrustedDomain
dropboxpartners.com, TrustedDomain
dropboxstatic.com, TrustedDomain
dropboxteam.com, TrustedDomain
dropbox.tech, TrustedDomain
dropbox.zendesk.com, TrustedDomain
getdropbox.com, TrustedDomain
learn.dropbox.com, TrustedDomain
links.dropbox.com, TrustedDomain
